[
{
    "id": "e3baccd3-d0e5-4626-b7b1-49cf20c88ddb",
    "content": "**Question:** Solve 0 = 4*b + b + 15 for b.\n\n**Answer:** -3"
},
{
    "id": "56497093-dec2-450d-8b19-7c08d7f123c2",
    "content": "**Question:** Solve -3*d = -0*d + 3 for d.\n\n**Answer:** -1"
},
{
    "id": "89cc1ab8-e86b-4529-90be-0c1d2d0454b0",
    "content": "**Question:** Solve -4*h + 9 = 41 for h.\n\n**Answer:** -8"
},
{
    "id": "11c1d08d-c577-425b-9b7e-82d2569dfcfd",
    "content": "**Question:** Solve 2514*m = 2508*m - 24 for m.\n\n**Answer:** -4"
},
{
    "id": "7d781cb4-431b-4913-b4a4-1d3865a7ee05",
    "content": "**Question:** Solve -7*a + 6*a = 4 for a.\n\n**Answer:** -4"
},
{
    "id": "2ae47a44-688e-4ee8-a637-0a06ae87a924",
    "content": "**Question:** Solve 288*w - 298*w = -70 for w.\n\n**Answer:** 7"
},
{
    "id": "b9484867-7955-4a6c-a797-8d815680ea1d",
    "content": "**Question:** Solve -14*h = -4*h - 10 for h.\n\n**Answer:** 1"
},
{
    "id": "e9239f27-fc8c-49a7-94c5-65adccd8d864",
    "content": "**Question:** Solve 5*w + 3 = -2 for w.\n\n**Answer:** -1"
},
{
    "id": "4d0f8700-aad8-4c44-a416-0446cc16e401",
    "content": "**Question:** Solve -15*f + 21*f - 12 = 0 for f.\n\n**Answer:** 2"
},
{
    "id": "2488abbd-9ef5-491e-b1fe-083e1a890409",
    "content": "**Question:** Solve -22 = 6*c - 4 for c.\n\n**Answer:** -3"
},
{
    "id": "7d7e48f0-21a3-4c38-93d6-7cb6767a61cd",
    "content": "**Question:** Solve -2*k + 4*h - 19 = -h, -k - 4*h + 23 = 0 for k.\n\n**Answer:** 3"
},
{
    "id": "6fdf9b9f-b9f9-499a-9793-e009a12e3166",
    "content": "**Question:** Solve -3*a = 2*y + 1, -4*y - 5*a + 1 = 2 for y.\n\n**Answer:** 1"
},
{
    "id": "e90ab075-96d0-4f07-802d-609b86631d74",
    "content": "**Question:** Solve -4*j + 23 = -3*r, 3*r = 5*j + 3 - 28 for j.\n\n**Answer:** 2"
},
{
    "id": "92e0dacd-2385-4ad3-bc46-09c19893cc27",
    "content": "**Question:** Solve -j + 5 = -u, u + 3*j = j - 5 for u.\n\n**Answer:** -5"
},
{
    "id": "4b451633-3cad-465c-b1df-377410eb8b4e",
    "content": "**Question:** Solve 7*u = 4*u + 3*m + 9, 3*u + 5*m = 25 for u.\n\n**Answer:** 5"
},
{
    "id": "15e62774-76c3-4b1c-961e-f3819beff45e",
    "content": "**Question:** Solve 2*s + 494*g - 497*g = 0, -5*s = -3*g for s.\n\n**Answer:** 0"
},
{
    "id": "88420371-faca-4456-b514-738cd5056791",
    "content": "**Question:** Solve 0 = -2*r + 3 - 5, -2*h = 4*r + 12 for h.\n\n**Answer:** -4"
},
{
    "id": "86f2b378-f65a-4503-921f-41b99fecc504",
    "content": "**Question:** Solve -2*h + 56 = 10*f, -2*h = 3*f - 15 - 6 for h.\n\n**Answer:** 3"
},
{
    "id": "7446e231-2430-4376-9bc1-717e4f744396",
    "content": "**Question:** Solve 2*g + 2 = -q - 1, 0 = 3*q + 15 for g.\n\n**Answer:** 1"
},
{
    "id": "204c64c4-bac6-4205-814b-d9e986ac09d9",
    "content": "**Question:** Solve 4*r - 3*f = 10, -4 = 3*r - r + 3*f for r.\n\n**Answer:** 1"
},
{
    "id": "445a73ff-ce4b-4064-a6df-deaef3da1136",
    "content": "**Question:** Factor -2*s**2/3 + 182*s/3.\n\n**Answer:** -2*s*(s - 91)/3"
},
{
    "id": "2eb1e0ad-ee6b-4de2-883e-b66b425450fe",
    "content": "**Question:** Factor -3*r**4/5 + 6*r**3/5 - 6*r/5 + 3/5.\n\n**Answer:** -3*(r - 1)**3*(r + 1)/5"
},
{
    "id": "7532a7bb-2ea8-42b2-855b-8eeaac791707",
    "content": "**Question:** Factor 2*o**2 + 64*o + 62.\n\n**Answer:** 2*(o + 1)*(o + 31)"
},
{
    "id": "d74d7917-76cf-4852-b689-2f7696b10e74",
    "content": "**Question:** Let -a**3 + 30*a**2 - 192*a - 512 = 0. Calculate a.\n\n**Answer:** -2, 16"
},
{
    "id": "2c8a1460-a1f1-46fa-92ac-4c2d9e34d0ec",
    "content": "**Question:** Find n such that 5*n**3 + 190*n**2 + 2325*n + 9000 = 0.\n\n**Answer:** -15, -8"
},
{
    "id": "2938b769-2dcb-4ece-bae2-94f9a9aba0eb",
    "content": "**Question:** Factor -4*a**2 - 124*a - 232.\n\n**Answer:** -4*(a + 2)*(a + 29)"
},
{
    "id": "de32aa17-ee83-4666-8b64-a803d8c2b435",
    "content": "**Question:** Factor -r**3 + 144*r**2 + 291*r + 146.\n\n**Answer:** -(r - 146)*(r + 1)**2"
},
{
    "id": "84146c40-f3ae-4609-81a5-0300f3c01e32",
    "content": "**Question:** Factor -65*j**3 - 275*j**2 + 640*j - 300.\n\n**Answer:** -5*(j - 1)*(j + 6)*(13*j - 10)"
},
{
    "id": "f5907517-1cff-4f07-935b-7d4f696d2372",
    "content": "**Question:** What is s in 2*s**5 + 86*s**4 + 1250*s**3 + 6402*s**2 + 3060*s - 10800 = 0?\n\n**Answer:** -15, -12, -2, 1"
},
{
    "id": "3da5e8a5-e1b2-4a3c-8d98-5770006340d4",
    "content": "**Question:** Factor -2*s**5 + 470*s**4 - 44180*s**3 + 2076460*s**2 - 48796810*s + 458690014.\n\n**Answer:** -2*(s - 47)**5"
},
{
    "id": "a1b59bc1-19ae-45a1-9b17-5d959301edd6",
    "content": "**Question:** What is next in 398, 387, 362, 317, 246, 143, 2?\n\n**Answer:** -183"
},
{
    "id": "84ca9f9b-8ea5-4481-80f2-692d83f6149d",
    "content": "**Question:** What is the next term in 7987, 7990, 7995, 8002, 8011?\n\n**Answer:** 8022"
},
{
    "id": "b9c774ec-307b-457b-92c6-b0e736d38b12",
    "content": "**Question:** What is next in -3432, -6865, -10298, -13731, -17164?\n\n**Answer:** -20597"
},
{
    "id": "02b4b69d-c024-493b-9988-77e2ff95b189",
    "content": "**Question:** What comes next: -16, -50, -106, -190, -308?\n\n**Answer:** -466"
},
{
    "id": "ae49c3e3-690b-466b-b4e5-4986c7d97133",
    "content": "**Question:** What is the next term in -40, -30, -20?\n\n**Answer:** -10"
},
{
    "id": "d39113b2-fdd3-45c1-94bc-948c194dc3c3",
    "content": "**Question:** What is the next term in 491, 978, 1465?\n\n**Answer:** 1952"
},
{
    "id": "da5132d4-1743-4ea7-ad46-4df4c5bd0a31",
    "content": "**Question:** What is next in 637, 628, 605, 562, 493, 392?\n\n**Answer:** 253"
},
{
    "id": "4e64b84f-3888-4009-8d4f-e4329d707ac5",
    "content": "**Question:** What is next in -12, 8, 44, 96, 164, 248?\n\n**Answer:** 348"
},
{
    "id": "84af69e5-9e14-43ce-a654-f19388c5de6c",
    "content": "**Question:** What is next in -85, -122, -177, -244, -317, -390?\n\n**Answer:** -457"
},
{
    "id": "0da31089-dec1-4e2b-98d1-0f514df0ced7",
    "content": "**Question:** What is next in -1, -22, -23, 2, 59, 154?\n\n**Answer:** 293"
},
{
    "id": "ae5b29d6-798a-4636-9450-f60c43dc9f9b",
    "content": "**Question:** In base 13, what is -6 - -182?\n\n**Answer:** 179"
},
{
    "id": "2ad02921-36f7-4e99-936d-9d85833b2ac9",
    "content": "**Question:** In base 8, what is -1 - -5654?\n\n**Answer:** 5653"
},
{
    "id": "dc8cb5b4-dad4-43d6-9a05-54b532d6455c",
    "content": "**Question:** In base 6, what is 2 + -223?\n\n**Answer:** -221"
},
{
    "id": "4d829198-a38f-47b9-a7a7-02885c2e333e",
    "content": "**Question:** In base 16, what is -a + 2e1?\n\n**Answer:** 2d7"
},
{
    "id": "d9eea93f-d7a6-4cac-9e85-37c3c1651b27",
    "content": "**Question:** In base 6, what is -30 - 245?\n\n**Answer:** -315"
},
{
    "id": "23e464b9-b77e-44d3-974c-c96bf0e6b49b",
    "content": "**Question:** In base 14, what is 2 + 9?\n\n**Answer:** b"
},
{
    "id": "94d672a8-4ac9-478c-8649-2722d512e8c2",
    "content": "**Question:** In base 11, what is -a4 - 2?\n\n**Answer:** -a6"
},
{
    "id": "e2159421-c3df-4b42-a987-afa990a9a375",
    "content": "**Question:** In base 2, what is 110 + 10010101?\n\n**Answer:** 10011011"
},
{
    "id": "fe9f4084-01fb-43ea-ba95-364faf0ad6da",
    "content": "**Question:** In base 14, what is -158 + 4?\n\n**Answer:** -154"
},
{
    "id": "3547fba9-54c7-4ba0-980f-f4ca5620ff07",
    "content": "**Question:** In base 7, what is -1 + 1?\n\n**Answer:** 0"
},
{
    "id": "1e68ee65-27ee-4898-96fc-188a17d9dbe6",
    "content": "**Question:** Divide 4136 by -517.\n\n**Answer:** -8"
},
{
    "id": "94dc987b-4ea5-423c-8d0e-10995a61d65b",
    "content": "**Question:** 6 divided by -3\n\n**Answer:** -2"
},
{
    "id": "7571214a-852c-44cc-ae98-482f06ef140c",
    "content": "**Question:** Divide -86 by -196.\n\n**Answer:** 43/98"
},
{
    "id": "e7b0db72-966a-49dc-b0ea-fb6808d860bd",
    "content": "**Question:** What is 19 divided by 55?\n\n**Answer:** 19/55"
},
{
    "id": "676b8a00-248e-4594-8752-a6114afd51cd",
    "content": "**Question:** Calculate 10939 divided by 2.\n\n**Answer:** 10939/2"
},
{
    "id": "ee760e17-d800-4ffb-8b7b-49020efcbf04",
    "content": "**Question:** What is -12 divided by -3?\n\n**Answer:** 4"
},
{
    "id": "2b478e64-e851-4612-ab29-1f7dfa504655",
    "content": "**Question:** Calculate 150 divided by -50.\n\n**Answer:** -3"
},
{
    "id": "ca2a7c3f-a9e6-448f-9fdc-042eb3c86549",
    "content": "**Question:** 6477 divided by -17\n\n**Answer:** -381"
},
{
    "id": "836b6d2d-f941-4405-9637-f6ccf8e8ffec",
    "content": "**Question:** Calculate -446 divided by 1.\n\n**Answer:** -446"
},
{
    "id": "a07b3f39-ffb8-430c-bfb3-78455c4d3514",
    "content": "**Question:** Divide 180 by -15.\n\n**Answer:** -12"
},
{
    "id": "9c970e7f-ab5e-4488-b5b3-92cc000af78c",
    "content": "**Question:** 64*-0.8\n\n**Answer:** -51.2"
},
{
    "id": "bb4055db-ddfb-4396-a9d9-d37f3e5046d6",
    "content": "**Question:** What is the product of -15.1 and -0.2?\n\n**Answer:** 3.02"
},
{
    "id": "1cf82979-fe18-45cc-b5df-d289d395f604",
    "content": "**Question:** 0.43*-0.2\n\n**Answer:** -0.086"
},
{
    "id": "fab14c6f-279c-4eca-9b11-a6c9d7de4940",
    "content": "**Question:** Product of -0.057 and 0.16.\n\n**Answer:** -0.00912"
},
{
    "id": "d3498325-9df7-49e0-a0d2-3b60447e9267",
    "content": "**Question:** -0.1*230\n\n**Answer:** -23"
},
{
    "id": "65ec26cf-d655-47e5-8828-944793a077d3",
    "content": "**Question:** Product of 0 and -15.\n\n**Answer:** 0"
},
{
    "id": "f52afc41-9efe-405d-8447-764bea34cc72",
    "content": "**Question:** Calculate 0.12*-0.369.\n\n**Answer:** -0.04428"
},
{
    "id": "7be6c199-1f2e-47ee-b7c9-b765f899ae01",
    "content": "**Question:** What is the product of -0.31 and 0.799?\n\n**Answer:** -0.24769"
},
{
    "id": "7a6d9c03-613e-468a-8783-1df0469a8032",
    "content": "**Question:** What is the product of 0.3 and -0.183?\n\n**Answer:** -0.0549"
},
{
    "id": "846e386a-2771-4991-a7c2-dce4c3657e97",
    "content": "**Question:** Work out 1 * -0.013.\n\n**Answer:** -0.013"
},
{
    "id": "1113fce9-47aa-4362-bc2d-fda72b8e5ec5",
    "content": "**Question:** What is the fifth root of 1822 to the nearest integer?\n\n**Answer:** 4"
},
{
    "id": "dd06504f-586d-41af-ac17-75b4e3baa36e",
    "content": "**Question:** What is 356 to the power of 1/3, to the nearest integer?\n\n**Answer:** 7"
},
{
    "id": "f2eb3d88-72f3-4c71-9c8d-0c69f090aaa4",
    "content": "**Question:** What is the square root of 7733 to the nearest integer?\n\n**Answer:** 88"
},
{
    "id": "dfeb9ce2-ea02-4569-99ed-e2dcf3077a10",
    "content": "**Question:** What is the third root of 9614 to the nearest integer?\n\n**Answer:** 21"
},
{
    "id": "d90cc923-c494-4a58-a951-5c3e7638536f",
    "content": "**Question:** What is the tenth root of 2465 to the nearest integer?\n\n**Answer:** 2"
},
{
    "id": "f22e5e6d-f592-477c-97c8-6922a77577ab",
    "content": "**Question:** What is the third root of 6673 to the nearest integer?\n\n**Answer:** 19"
},
{
    "id": "77104510-47fe-4930-bcd0-05126fc619ea",
    "content": "**Question:** What is the fifth root of 34317 to the nearest integer?\n\n**Answer:** 8"
},
{
    "id": "bc9a7896-ad66-4e67-bc40-58ae0af9506d",
    "content": "**Question:** What is 852 to the power of 1/8, to the nearest integer?\n\n**Answer:** 2"
},
{
    "id": "a0e31d75-9a2c-4e41-90ce-2cb33051caf2",
    "content": "**Question:** What is 581 to the power of 1/2, to the nearest integer?\n\n**Answer:** 24"
},
{
    "id": "819d0934-6775-4e7c-b2ac-30c30cb3c98f",
    "content": "**Question:** What is the fifth root of 199 to the nearest integer?\n\n**Answer:** 3"
},
{
    "id": "459fa731-6ee5-4f6f-8032-67c556b81bbc",
    "content": "**Question:** Find the third derivative of -3*b**4 + 7*b**4 - 221*b**2 + 274*b**2 + 3*b**6 wrt b.\n\n**Answer:** 360*b**3 + 96*b"
},
{
    "id": "08db52a0-ab13-40ce-ae5d-36722c93b4a0",
    "content": "**Question:** Let i(v) be the second derivative of 9*v + 0*v**3 - 7/12*v**4 + 0 + 5*v**2. Find the first derivative of i(c) wrt c.\n\n**Answer:** -14*c"
},
{
    "id": "cbfe7d18-10bc-4093-bb99-8ac5fca11e56",
    "content": "**Question:** Let k(a) be the third derivative of 0*a**5 + 0*a**6 + 0*a + 1/84*a**8 + 0*a**3 - 1/12*a**4 - 2*a**2 + 0*a**7 + 0. What is the second derivative of k(f) wrt f?\n\n**Answer:** 80*f**3"
},
{
    "id": "74bb7b06-7dbf-4773-b4fb-aef7b37aa227",
    "content": "**Question:** Let k(t) = -3*t**3 - t**2 + 3*t. Let y(d) = 3*d**3 + 2*d**2 - 2*d. Let l(b) = 2*k(b) + 3*y(b). Find the third derivative of l(a) wrt a.\n\n**Answer:** 18"
},
{
    "id": "6e5ed4b1-d017-44db-842d-536954d9625b",
    "content": "**Question:** Let c(x) be the second derivative of x**4/12 + 49*x**2/2 + x + 3. Differentiate c(w) with respect to w.\n\n**Answer:** 2*w"
},
{
    "id": "40f371a2-87ff-4a71-b1d0-2cdabad7f35e",
    "content": "**Question:** Let a = -3 + 8. Let g = 4 + 0. Find the third derivative of 4 - 2*c**a + c**2 - g wrt c.\n\n**Answer:** -120*c**2"
},
{
    "id": "b495e584-4bce-4851-b8ef-33bd3f0d5e77",
    "content": "**Question:** Let d(z) = -z**3 - 4*z**2 + 6*z + 7. Let b be d(-5). Find the third derivative of -4*y**b - 3*y + 3*y - y**3 wrt y.\n\n**Answer:** -6"
},
{
    "id": "5fd816bd-d9f5-41a2-a64e-f160bc864b74",
    "content": "**Question:** Let g(s) = 9*s + 8. Suppose 0 = 5*n - 20, -4*k + 3*n = -2*k + 20. Let x(l) = -8*l - 7. Let b(h) = k*g(h) - 5*x(h). Find the first derivative of b(c) wrt c.\n\n**Answer:** 4"
},
{
    "id": "1a8e3380-3c84-479f-a5f2-3bb5abbb9c54",
    "content": "**Question:** Find the third derivative of -3*c**5 - 2*c**2 - 75 + 75 - 5*c**2 wrt c.\n\n**Answer:** -180*c**2"
},
{
    "id": "db4ea4d3-ab8e-4342-b63f-e54fd7839762",
    "content": "**Question:** Let s(y) = y**3 + 6*y - 30. Let b(v) = -v**3 - 11*v + 59. Let h(r) = -6*b(r) - 11*s(r). Differentiate h(a) with respect to a.\n\n**Answer:** -15*a**2"
},
{
    "id": "8c40cacc-527b-4d3a-b657-6461e7ad1127",
    "content": "**Question:** Let t = -7 - -7. Let f = 0.03 - 0.33. What is the closest to 1/2 in f, -2/5, t?\n\n**Answer:** t"
},
{
    "id": "8b3faf5a-77c8-4ea1-aa7f-7e18fc0bf8c2",
    "content": "**Question:** Let r = -17.2 + 17. What is the closest to -2/3 in r, -2, 3?\n\n**Answer:** r"
},
{
    "id": "53df20bc-4921-4bfa-8b42-ccfa7bdb160d",
    "content": "**Question:** Let v = -481/4 + 120. What is the closest to v in -0.5, 9, 2?\n\n**Answer:** -0.5"
},
{
    "id": "16f159c8-1abf-4bb1-8b2c-4dcd0c60cccc",
    "content": "**Question:** Let d be 1 - (16/(-10) - (18 + -21)). Which is the nearest to d?  (a) 3  (b) 4  (c) -5\n\n**Answer:** a"
},
{
    "id": "f1bf24f3-7f32-4b7b-98fe-7a097a2e78dd",
    "content": "**Question:** Let k = -0.06 - 2.94. Let z = 4 + k. What is the closest to z in 0.3, -0.4, 0?\n\n**Answer:** 0.3"
},
{
    "id": "768a0bee-3ad9-48ea-b71f-6b0ad33c9df3",
    "content": "**Question:** Let n be (-7 - -1)*(-2)/27. Let x be (2 - 24/14)*-2. Which is the nearest to -0.1?  (a) n  (b) x  (c) 2\n\n**Answer:** b"
},
{
    "id": "c14d7771-9bf2-4326-a9ff-1a81654c438b",
    "content": "**Question:** Let y = -51 + 36. Let f be (2/(-35))/(3/y). Which is the nearest to f?  (a) -1  (b) -5/6  (c) 4/7\n\n**Answer:** c"
},
{
    "id": "46c8c708-ae29-4b87-b15d-f3e6cc0b1e38",
    "content": "**Question:** Suppose 0*z = 3*z + p, z + 2*p - 5 = 0. Which is the nearest to 1/2?  (a) -1/6  (b) z  (c) -3\n\n**Answer:** a"
},
{
    "id": "d6543b75-483e-4fcb-a8ab-4817278c6346",
    "content": "**Question:** Let r(v) = v**2 - 16*v + 39. Let s be r(13). Which is the closest to s?  (a) 3/2  (b) 4/5  (c) 1/2\n\n**Answer:** c"
},
{
    "id": "a08e2f16-d992-4a91-96e2-38c8c95258c0",
    "content": "**Question:** Let f be (-5)/10 - 1/(-1). Let t = 0.8 - -2.2. Let a = 5 - t. What is the closest to f in -3, -0.3, a?\n\n**Answer:** -0.3"
},
{
    "id": "a08e2f16-d992-4a91-96e2-38c8c95259c0",
    "content": "**Question:** what does prof x says about data node?\n\n**Answer:** Prof x says it is one of the best node"
},
{
    "id": "a08e2f16-d992-4a91-96e2-38c8c95259c0",
    "content": "**Question:** what does dickson says about data node?\n\n**Answer:** dickson says nodes are monsters!!"
},
{
    "id": "a08e2f16-d992-4a91-96e2-38c8c95259c0",
    "content": "**Question:** what does jackson says about data node?\n\n**Answer:** jackson says nodes are not monsters!!"
},
{
    "id": "a08e2f16-d992-4a91-96e2-38c8c95255c0",
    "content": "**Question:** What is love?\n\n**Answer:** Love is everything. According to god."
}


]
